<?xml version="1.0" encoding="UTF-8"?>
<TWHSRTrainList xmlns:xsi="http://www.w3.org/2001/XMLSchema-instance" xsi:noNamespaceSchemaLocation="TWHSR.xsd">
  <TrainInfo LineDir="0" Note="" Train="103">
    <TimeInfo ARRTime="0636" DEPTime="0636" Order="1" Station="1000"></TimeInfo>
    <TimeInfo ARRTime="0642" DEPTime="0644" Order="2" Station="1010"></TimeInfo>
    <TimeInfo ARRTime="0725" DEPTime="0728" Order="3" Station="1040"></TimeInfo>
    <TimeInfo ARRTime="0812" DEPTime="0812" Order="4" Station="1070"></TimeInfo>
  </TrainInfo>
  <TrainInfo LineDir="1" Note="" Train="110">
    <TimeInfo ARRTime="0730" DEPTime="0730" Order="1" Station="1070"></TimeInfo>
    <TimeInfo ARRTime="0812" DEPTime="0815" Order="2" Station="1040"></TimeInfo>
    <TimeInfo ARRTime="0856" DEPTime="0858" Order="3" Station="1010"></TimeInfo>
    <TimeInfo ARRTime="0906" DEPTime="0906" Order="4" Station="1000"></TimeInfo>
  </TrainInfo>
  <TrainInfo LineDir="1" Note="" Train="1104">
    <TimeInfo ARRTime="0648" DEPTime="0648" Order="1" Station="1070"></TimeInfo>
    <TimeInfo ARRTime="0730" DEPTime="0733" Order="2" Station="1040"></TimeInfo>
    <TimeInfo ARRTime="0814" DEPTime="0816" Order="3" Station="1010"></TimeInfo>
    <TimeInfo ARRTime="0824" DEPTime="0824" Order="4" Station="1000"></TimeInfo>
  </TrainInfo>
  <TrainInfo LineDir="0" Note="" Train="111">
    <TimeInfo ARRTime="0730" DEPTime="0730" Order="1" Station="1000"></TimeInfo>
    <TimeInfo ARRTime="0736" DEPTime="0738" Order="2" Station="1010"></TimeInfo>
    <TimeInfo ARRTime="0819" DEPTime="0822" Order="3" Station="1040"></TimeInfo>
    <TimeInfo ARRTime="0906" DEPTime="0906" Order="4" Station="1070"></TimeInfo>
  </TrainInfo>
  <TrainInfo LineDir="1" Note="" Train="114">
    <TimeInfo ARRTime="0754" DEPTime="0754" Order="1" Station="1070"></TimeInfo>
    <TimeInfo ARRTime="0836" DEPTime="0839" Order="2" Station="1040"></TimeInfo>
    <TimeInfo ARRTime="0920" DEPTime="0922" Order="3" Station="1010"></TimeInfo>
    <TimeInfo ARRTime="0930" DEPTime="0930" Order="4" Station="1000"></TimeInfo>
  </TrainInfo>
  <TrainInfo LineDir="0" Note="" Train="115">
    <TimeInfo ARRTime="0754" DEPTime="0754" Order="1" Station="1000"></TimeInfo>
    <TimeInfo ARRTime="0800" DEPTime="0802" Order="2" Station="1010"></TimeInfo>
    <TimeInfo ARRTime="0843" DEPTime="0846" Order="3" Station="1040"></TimeInfo>
    <TimeInfo ARRTime="0930" DEPTime="0930" Order="4" Station="1070"></TimeInfo>
  </TrainInfo>
  <TrainInfo LineDir="1" Note="" Train="118">
    <TimeInfo ARRTime="0830" DEPTime="0830" Order="1" Station="1070"></TimeInfo>
    <TimeInfo ARRTime="0912" DEPTime="0915" Order="2" Station="1040"></TimeInfo>
    <TimeInfo ARRTime="0956" DEPTime="0958" Order="3" Station="1010"></TimeInfo>
    <TimeInfo ARRTime="1006" DEPTime="1006" Order="4" Station="1000"></TimeInfo>
  </TrainInfo>
  <TrainInfo LineDir="0" Note="" Train="119">
    <TimeInfo ARRTime="0830" DEPTime="0830" Order="1" Station="1000"></TimeInfo>
    <TimeInfo ARRTime="0836" DEPTime="0838" Order="2" Station="1010"></TimeInfo>
    <TimeInfo ARRTime="0919" DEPTime="0922" Order="3" Station="1040"></TimeInfo>
    <TimeInfo ARRTime="1006" DEPTime="1006" Order="4" Station="1070"></TimeInfo>
  </TrainInfo>
  <TrainInfo LineDir="1" Note="" Train="122">
    <TimeInfo ARRTime="0854" DEPTime="0854" Order="1" Station="1070"></TimeInfo>
    <TimeInfo ARRTime="0936" DEPTime="0939" Order="2" Station="1040"></TimeInfo>
    <TimeInfo ARRTime="1020" DEPTime="1022" Order="3" Station="1010"></TimeInfo>
    <TimeInfo ARRTime="1030" DEPTime="1030" Order="4" Station="1000"></TimeInfo>
  </TrainInfo>
  <TrainInfo LineDir="0" Note="" Train="123">
    <TimeInfo ARRTime="0854" DEPTime="0854" Order="1" Station="1000"></TimeInfo>
    <TimeInfo ARRTime="0900" DEPTime="0902" Order="2" Station="1010"></TimeInfo>
    <TimeInfo ARRTime="0943" DEPTime="0946" Order="3" Station="1040"></TimeInfo>
    <TimeInfo ARRTime="1030" DEPTime="1030" Order="4" Station="1070"></TimeInfo>
  </TrainInfo>
  <TrainInfo LineDir="1" Note="" Train="126">
    <TimeInfo ARRTime="0930" DEPTime="0930" Order="1" Station="1070"></TimeInfo>
    <TimeInfo ARRTime="1012" DEPTime="1015" Order="2" Station="1040"></TimeInfo>
    <TimeInfo ARRTime="1056" DEPTime="1058" Order="3" Station="1010"></TimeInfo>
    <TimeInfo ARRTime="1106" DEPTime="1106" Order="4" Station="1000"></TimeInfo>
  </TrainInfo>
  <TrainInfo LineDir="0" Note="" Train="127">
    <TimeInfo ARRTime="0930" DEPTime="0930" Order="1" Station="1000"></TimeInfo>
    <TimeInfo ARRTime="0936" DEPTime="0938" Order="2" Station="1010"></TimeInfo>
    <TimeInfo ARRTime="1019" DEPTime="1022" Order="3" Station="1040"></TimeInfo>
    <TimeInfo ARRTime="1106" DEPTime="1106" Order="4" Station="1070"></TimeInfo>
  </TrainInfo>
  <TrainInfo LineDir="1" Note="" Train="130">
    <TimeInfo ARRTime="0954" DEPTime="0954" Order="1" Station="1070"></TimeInfo>
    <TimeInfo ARRTime="1036" DEPTime="1039" Order="2" Station="1040"></TimeInfo>
    <TimeInfo ARRTime="1120" DEPTime="1122" Order="3" Station="1010"></TimeInfo>
    <TimeInfo ARRTime="1130" DEPTime="1130" Order="4" Station="1000"></TimeInfo>
  </TrainInfo>
  <TrainInfo LineDir="0" Note="" Train="131">
    <TimeInfo ARRTime="0954" DEPTime="0954" Order="1" Station="1000"></TimeInfo>
    <TimeInfo ARRTime="1000" DEPTime="1002" Order="2" Station="1010"></TimeInfo>
    <TimeInfo ARRTime="1043" DEPTime="1046" Order="3" Station="1040"></TimeInfo>
    <TimeInfo ARRTime="1130" DEPTime="1130" Order="4" Station="1070"></TimeInfo>
  </TrainInfo>
  <TrainInfo LineDir="1" Note="" Train="134">
    <TimeInfo ARRTime="1030" DEPTime="1030" Order="1" Station="1070"></TimeInfo>
    <TimeInfo ARRTime="1112" DEPTime="1115" Order="2" Station="1040"></TimeInfo>
    <TimeInfo ARRTime="1156" DEPTime="1158" Order="3" Station="1010"></TimeInfo>
    <TimeInfo ARRTime="1206" DEPTime="1206" Order="4" Station="1000"></TimeInfo>
  </TrainInfo>
  <TrainInfo LineDir="0" Note="" Train="135">
    <TimeInfo ARRTime="1030" DEPTime="1030" Order="1" Station="1000"></TimeInfo>
    <TimeInfo ARRTime="1036" DEPTime="1038" Order="2" Station="1010"></TimeInfo>
    <TimeInfo ARRTime="1119" DEPTime="1122" Order="3" Station="1040"></TimeInfo>
    <TimeInfo ARRTime="1206" DEPTime="1206" Order="4" Station="1070"></TimeInfo>
  </TrainInfo>
  <TrainInfo LineDir="1" Note="" Train="138">
    <TimeInfo ARRTime="1054" DEPTime="1054" Order="1" Station="1070"></TimeInfo>
    <TimeInfo ARRTime="1136" DEPTime="1139" Order="2" Station="1040"></TimeInfo>
    <TimeInfo ARRTime="1220" DEPTime="1222" Order="3" Station="1010"></TimeInfo>
    <TimeInfo ARRTime="1230" DEPTime="1230" Order="4" Station="1000"></TimeInfo>
  </TrainInfo>
  <TrainInfo LineDir="0" Note="" Train="139">
    <TimeInfo ARRTime="1054" DEPTime="1054" Order="1" Station="1000"></TimeInfo>
    <TimeInfo ARRTime="1100" DEPTime="1102" Order="2" Station="1010"></TimeInfo>
    <TimeInfo ARRTime="1143" DEPTime="1146" Order="3" Station="1040"></TimeInfo>
    <TimeInfo ARRTime="1230" DEPTime="1230" Order="4" Station="1070"></TimeInfo>
  </TrainInfo>
  <TrainInfo LineDir="1" Note="" Train="142">
    <TimeInfo ARRTime="1130" DEPTime="1130" Order="1" Station="1070"></TimeInfo>
    <TimeInfo ARRTime="1212" DEPTime="1215" Order="2" Station="1040"></TimeInfo>
    <TimeInfo ARRTime="1256" DEPTime="1258" Order="3" Station="1010"></TimeInfo>
    <TimeInfo ARRTime="1306" DEPTime="1306" Order="4" Station="1000"></TimeInfo>
  </TrainInfo>
  <TrainInfo LineDir="0" Note="" Train="143">
    <TimeInfo ARRTime="1130" DEPTime="1130" Order="1" Station="1000"></TimeInfo>
    <TimeInfo ARRTime="1136" DEPTime="1138" Order="2" Station="1010"></TimeInfo>
    <TimeInfo ARRTime="1219" DEPTime="1222" Order="3" Station="1040"></TimeInfo>
    <TimeInfo ARRTime="1306" DEPTime="1306" Order="4" Station="1070"></TimeInfo>
  </TrainInfo>
  <TrainInfo LineDir="1" Note="" Train="150">
    <TimeInfo ARRTime="1230" DEPTime="1230" Order="1" Station="1070"></TimeInfo>
    <TimeInfo ARRTime="1312" DEPTime="1315" Order="2" Station="1040"></TimeInfo>
    <TimeInfo ARRTime="1356" DEPTime="1358" Order="3" Station="1010"></TimeInfo>
    <TimeInfo ARRTime="1406" DEPTime="1406" Order="4" Station="1000"></TimeInfo>
  </TrainInfo>
  <TrainInfo LineDir="1" Note="" Train="1508">
    <TimeInfo ARRTime="0712" DEPTime="0712" Order="1" Station="1040"></TimeInfo>
    <TimeInfo ARRTime="0737" DEPTime="0739" Order="2" Station="1030"></TimeInfo>
    <TimeInfo ARRTime="0749" DEPTime="0751" Order="3" Station="1020"></TimeInfo>
    <TimeInfo ARRTime="0803" DEPTime="0805" Order="4" Station="1010"></TimeInfo>
    <TimeInfo ARRTime="0812" DEPTime="0812" Order="5" Station="1000"></TimeInfo>
  </TrainInfo>
  <TrainInfo LineDir="0" Note="" Train="151">
    <TimeInfo ARRTime="1230" DEPTime="1230" Order="1" Station="1000"></TimeInfo>
    <TimeInfo ARRTime="1236" DEPTime="1238" Order="2" Station="1010"></TimeInfo>
    <TimeInfo ARRTime="1319" DEPTime="1322" Order="3" Station="1040"></TimeInfo>
    <TimeInfo ARRTime="1406" DEPTime="1406" Order="4" Station="1070"></TimeInfo>
  </TrainInfo>
  <TrainInfo LineDir="1" Note="" Train="1510">
    <TimeInfo ARRTime="0748" DEPTime="0748" Order="1" Station="1040"></TimeInfo>
    <TimeInfo ARRTime="0813" DEPTime="0815" Order="2" Station="1030"></TimeInfo>
    <TimeInfo ARRTime="0825" DEPTime="0827" Order="3" Station="1020"></TimeInfo>
    <TimeInfo ARRTime="0839" DEPTime="0841" Order="4" Station="1010"></TimeInfo>
    <TimeInfo ARRTime="0848" DEPTime="0848" Order="5" Station="1000"></TimeInfo>
  </TrainInfo>
  <TrainInfo LineDir="0" Note="" Train="1529">
    <TimeInfo ARRTime="1848" DEPTime="1848" Order="1" Station="1000"></TimeInfo>
    <TimeInfo ARRTime="1854" DEPTime="1856" Order="2" Station="1010"></TimeInfo>
    <TimeInfo ARRTime="1907" DEPTime="1909" Order="3" Station="1020"></TimeInfo>
    <TimeInfo ARRTime="1920" DEPTime="1922" Order="4" Station="1030"></TimeInfo>
    <TimeInfo ARRTime="1949" DEPTime="1949" Order="5" Station="1040"></TimeInfo>
  </TrainInfo>
  <TrainInfo LineDir="1" Note="" Train="158">
    <TimeInfo ARRTime="1330" DEPTime="1330" Order="1" Station="1070"></TimeInfo>
    <TimeInfo ARRTime="1412" DEPTime="1415" Order="2" Station="1040"></TimeInfo>
    <TimeInfo ARRTime="1456" DEPTime="1458" Order="3" Station="1010"></TimeInfo>
    <TimeInfo ARRTime="1506" DEPTime="1506" Order="4" Station="1000"></TimeInfo>
  </TrainInfo>
  <TrainInfo LineDir="0" Note="" Train="159">
    <TimeInfo ARRTime="1330" DEPTime="1330" Order="1" Station="1000"></TimeInfo>
    <TimeInfo ARRTime="1336" DEPTime="1338" Order="2" Station="1010"></TimeInfo>
    <TimeInfo ARRTime="1419" DEPTime="1422" Order="3" Station="1040"></TimeInfo>
    <TimeInfo ARRTime="1506" DEPTime="1506" Order="4" Station="1070"></TimeInfo>
  </TrainInfo>
  <TrainInfo LineDir="0" Note="" Train="1619">
    <TimeInfo ARRTime="0818" DEPTime="0818" Order="1" Station="1000"></TimeInfo>
    <TimeInfo ARRTime="0824" DEPTime="0826" Order="2" Station="1010"></TimeInfo>
    <TimeInfo ARRTime="0837" DEPTime="0839" Order="3" Station="1020"></TimeInfo>
    <TimeInfo ARRTime="0849" DEPTime="0851" Order="4" Station="1030"></TimeInfo>
    <TimeInfo ARRTime="0916" DEPTime="0919" Order="5" Station="1040"></TimeInfo>
    <TimeInfo ARRTime="0941" DEPTime="0944" Order="6" Station="1050"></TimeInfo>
    <TimeInfo ARRTime="1001" DEPTime="1003" Order="7" Station="1060"></TimeInfo>
    <TimeInfo ARRTime="1018" DEPTime="1018" Order="8" Station="1070"></TimeInfo>
  </TrainInfo>
  <TrainInfo LineDir="0" Note="" Train="1627">
    <TimeInfo ARRTime="0918" DEPTime="0918" Order="1" Station="1000"></TimeInfo>
    <TimeInfo ARRTime="0924" DEPTime="0926" Order="2" Station="1010"></TimeInfo>
    <TimeInfo ARRTime="0937" DEPTime="0939" Order="3" Station="1020"></TimeInfo>
    <TimeInfo ARRTime="0949" DEPTime="0951" Order="4" Station="1030"></TimeInfo>
    <TimeInfo ARRTime="1016" DEPTime="1019" Order="5" Station="1040"></TimeInfo>
    <TimeInfo ARRTime="1041" DEPTime="1044" Order="6" Station="1050"></TimeInfo>
    <TimeInfo ARRTime="1101" DEPTime="1103" Order="7" Station="1060"></TimeInfo>
    <TimeInfo ARRTime="1118" DEPTime="1118" Order="8" Station="1070"></TimeInfo>
  </TrainInfo>
  <TrainInfo LineDir="1" Note="" Train="202">
    <TimeInfo ARRTime="1430" DEPTime="1430" Order="1" Station="1070"></TimeInfo>
    <TimeInfo ARRTime="1512" DEPTime="1515" Order="2" Station="1040"></TimeInfo>
    <TimeInfo ARRTime="1556" DEPTime="1558" Order="3" Station="1010"></TimeInfo>
    <TimeInfo ARRTime="1606" DEPTime="1606" Order="4" Station="1000"></TimeInfo>
  </TrainInfo>
  <TrainInfo LineDir="0" Note="" Train="203">
    <TimeInfo ARRTime="1430" DEPTime="1430" Order="1" Station="1000"></TimeInfo>
    <TimeInfo ARRTime="1436" DEPTime="1438" Order="2" Station="1010"></TimeInfo>
    <TimeInfo ARRTime="1519" DEPTime="1522" Order="3" Station="1040"></TimeInfo>
    <TimeInfo ARRTime="1606" DEPTime="1606" Order="4" Station="1070"></TimeInfo>
  </TrainInfo>
  <TrainInfo LineDir="1" Note="" Train="210">
    <TimeInfo ARRTime="1530" DEPTime="1530" Order="1" Station="1070"></TimeInfo>
    <TimeInfo ARRTime="1612" DEPTime="1615" Order="2" Station="1040"></TimeInfo>
    <TimeInfo ARRTime="1656" DEPTime="1658" Order="3" Station="1010"></TimeInfo>
    <TimeInfo ARRTime="1706" DEPTime="1706" Order="4" Station="1000"></TimeInfo>
  </TrainInfo>
  <TrainInfo LineDir="0" Note="" Train="211">
    <TimeInfo ARRTime="1530" DEPTime="1530" Order="1" Station="1000"></TimeInfo>
    <TimeInfo ARRTime="1536" DEPTime="1538" Order="2" Station="1010"></TimeInfo>
    <TimeInfo ARRTime="1619" DEPTime="1622" Order="3" Station="1040"></TimeInfo>
    <TimeInfo ARRTime="1706" DEPTime="1706" Order="4" Station="1070"></TimeInfo>
  </TrainInfo>
  <TrainInfo LineDir="1" Note="" Train="218">
    <TimeInfo ARRTime="1630" DEPTime="1630" Order="1" Station="1070"></TimeInfo>
    <TimeInfo ARRTime="1712" DEPTime="1715" Order="2" Station="1040"></TimeInfo>
    <TimeInfo ARRTime="1756" DEPTime="1758" Order="3" Station="1010"></TimeInfo>
    <TimeInfo ARRTime="1806" DEPTime="1806" Order="4" Station="1000"></TimeInfo>
  </TrainInfo>
  <TrainInfo LineDir="0" Note="" Train="219">
    <TimeInfo ARRTime="1630" DEPTime="1630" Order="1" Station="1000"></TimeInfo>
    <TimeInfo ARRTime="1636" DEPTime="1638" Order="2" Station="1010"></TimeInfo>
    <TimeInfo ARRTime="1719" DEPTime="1722" Order="3" Station="1040"></TimeInfo>
    <TimeInfo ARRTime="1806" DEPTime="1806" Order="4" Station="1070"></TimeInfo>
  </TrainInfo>
  <TrainInfo LineDir="1" Note="" Train="222">
    <TimeInfo ARRTime="1654" DEPTime="1654" Order="1" Station="1070"></TimeInfo>
    <TimeInfo ARRTime="1736" DEPTime="1739" Order="2" Station="1040"></TimeInfo>
    <TimeInfo ARRTime="1820" DEPTime="1822" Order="3" Station="1010"></TimeInfo>
    <TimeInfo ARRTime="1830" DEPTime="1830" Order="4" Station="1000"></TimeInfo>
  </TrainInfo>
  <TrainInfo LineDir="1" Note="" Train="226">
    <TimeInfo ARRTime="1730" DEPTime="1730" Order="1" Station="1070"></TimeInfo>
    <TimeInfo ARRTime="1812" DEPTime="1815" Order="2" Station="1040"></TimeInfo>
    <TimeInfo ARRTime="1856" DEPTime="1858" Order="3" Station="1010"></TimeInfo>
    <TimeInfo ARRTime="1906" DEPTime="1906" Order="4" Station="1000"></TimeInfo>
  </TrainInfo>
  <TrainInfo LineDir="0" Note="" Train="227">
    <TimeInfo ARRTime="1730" DEPTime="1730" Order="1" Station="1000"></TimeInfo>
    <TimeInfo ARRTime="1736" DEPTime="1738" Order="2" Station="1010"></TimeInfo>
    <TimeInfo ARRTime="1819" DEPTime="1822" Order="3" Station="1040"></TimeInfo>
    <TimeInfo ARRTime="1906" DEPTime="1906" Order="4" Station="1070"></TimeInfo>
  </TrainInfo>
  <TrainInfo LineDir="1" Note="" Train="230">
    <TimeInfo ARRTime="1754" DEPTime="1754" Order="1" Station="1070"></TimeInfo>
    <TimeInfo ARRTime="1836" DEPTime="1839" Order="2" Station="1040"></TimeInfo>
    <TimeInfo ARRTime="1920" DEPTime="1922" Order="3" Station="1010"></TimeInfo>
    <TimeInfo ARRTime="1930" DEPTime="1930" Order="4" Station="1000"></TimeInfo>
  </TrainInfo>
  <TrainInfo LineDir="0" Note="" Train="231">
    <TimeInfo ARRTime="1754" DEPTime="1754" Order="1" Station="1000"></TimeInfo>
    <TimeInfo ARRTime="1800" DEPTime="1802" Order="2" Station="1010"></TimeInfo>
    <TimeInfo ARRTime="1843" DEPTime="1846" Order="3" Station="1040"></TimeInfo>
    <TimeInfo ARRTime="1930" DEPTime="1930" Order="4" Station="1070"></TimeInfo>
  </TrainInfo>
  <TrainInfo LineDir="1" Note="" Train="234">
    <TimeInfo ARRTime="1830" DEPTime="1830" Order="1" Station="1070"></TimeInfo>
    <TimeInfo ARRTime="1912" DEPTime="1915" Order="2" Station="1040"></TimeInfo>
    <TimeInfo ARRTime="1956" DEPTime="1958" Order="3" Station="1010"></TimeInfo>
    <TimeInfo ARRTime="2006" DEPTime="2006" Order="4" Station="1000"></TimeInfo>
  </TrainInfo>
  <TrainInfo LineDir="0" Note="" Train="235">
    <TimeInfo ARRTime="1830" DEPTime="1830" Order="1" Station="1000"></TimeInfo>
    <TimeInfo ARRTime="1836" DEPTime="1838" Order="2" Station="1010"></TimeInfo>
    <TimeInfo ARRTime="1919" DEPTime="1922" Order="3" Station="1040"></TimeInfo>
    <TimeInfo ARRTime="2006" DEPTime="2006" Order="4" Station="1070"></TimeInfo>
  </TrainInfo>
  <TrainInfo LineDir="1" Note="" Train="238">
    <TimeInfo ARRTime="1854" DEPTime="1854" Order="1" Station="1070"></TimeInfo>
    <TimeInfo ARRTime="1936" DEPTime="1939" Order="2" Station="1040"></TimeInfo>
    <TimeInfo ARRTime="2020" DEPTime="2022" Order="3" Station="1010"></TimeInfo>
    <TimeInfo ARRTime="2030" DEPTime="2030" Order="4" Station="1000"></TimeInfo>
  </TrainInfo>
  <TrainInfo LineDir="0" Note="" Train="239">
    <TimeInfo ARRTime="1854" DEPTime="1854" Order="1" Station="1000"></TimeInfo>
    <TimeInfo ARRTime="1900" DEPTime="1902" Order="2" Station="1010"></TimeInfo>
    <TimeInfo ARRTime="1943" DEPTime="1946" Order="3" Station="1040"></TimeInfo>
    <TimeInfo ARRTime="2030" DEPTime="2030" Order="4" Station="1070"></TimeInfo>
  </TrainInfo>
  <TrainInfo LineDir="1" Note="" Train="242">
    <TimeInfo ARRTime="1930" DEPTime="1930" Order="1" Station="1070"></TimeInfo>
    <TimeInfo ARRTime="2012" DEPTime="2015" Order="2" Station="1040"></TimeInfo>
    <TimeInfo ARRTime="2056" DEPTime="2058" Order="3" Station="1010"></TimeInfo>
    <TimeInfo ARRTime="2106" DEPTime="2106" Order="4" Station="1000"></TimeInfo>
  </TrainInfo>
  <TrainInfo LineDir="0" Note="" Train="243">
    <TimeInfo ARRTime="1930" DEPTime="1930" Order="1" Station="1000"></TimeInfo>
    <TimeInfo ARRTime="1936" DEPTime="1938" Order="2" Station="1010"></TimeInfo>
    <TimeInfo ARRTime="2019" DEPTime="2022" Order="3" Station="1040"></TimeInfo>
    <TimeInfo ARRTime="2106" DEPTime="2106" Order="4" Station="1070"></TimeInfo>
  </TrainInfo>
  <TrainInfo LineDir="1" Note="" Train="246">
    <TimeInfo ARRTime="1954" DEPTime="1954" Order="1" Station="1070"></TimeInfo>
    <TimeInfo ARRTime="2036" DEPTime="2039" Order="2" Station="1040"></TimeInfo>
    <TimeInfo ARRTime="2120" DEPTime="2122" Order="3" Station="1010"></TimeInfo>
    <TimeInfo ARRTime="2130" DEPTime="2130" Order="4" Station="1000"></TimeInfo>
  </TrainInfo>
  <TrainInfo LineDir="1" Note="" Train="250">
    <TimeInfo ARRTime="2030" DEPTime="2030" Order="1" Station="1070"></TimeInfo>
    <TimeInfo ARRTime="2112" DEPTime="2115" Order="2" Station="1040"></TimeInfo>
    <TimeInfo ARRTime="2156" DEPTime="2158" Order="3" Station="1010"></TimeInfo>
    <TimeInfo ARRTime="2206" DEPTime="2206" Order="4" Station="1000"></TimeInfo>
  </TrainInfo>
  <TrainInfo LineDir="0" Note="" Train="251">
    <TimeInfo ARRTime="2030" DEPTime="2030" Order="1" Station="1000"></TimeInfo>
    <TimeInfo ARRTime="2036" DEPTime="2038" Order="2" Station="1010"></TimeInfo>
    <TimeInfo ARRTime="2119" DEPTime="2122" Order="3" Station="1040"></TimeInfo>
    <TimeInfo ARRTime="2206" DEPTime="2206" Order="4" Station="1070"></TimeInfo>
  </TrainInfo>
  <TrainInfo LineDir="1" Note="" Train="254">
    <TimeInfo ARRTime="2054" DEPTime="2054" Order="1" Station="1070"></TimeInfo>
    <TimeInfo ARRTime="2136" DEPTime="2139" Order="2" Station="1040"></TimeInfo>
    <TimeInfo ARRTime="2220" DEPTime="2222" Order="3" Station="1010"></TimeInfo>
    <TimeInfo ARRTime="2230" DEPTime="2230" Order="4" Station="1000"></TimeInfo>
  </TrainInfo>
  <TrainInfo LineDir="0" Note="" Train="255">
    <TimeInfo ARRTime="2054" DEPTime="2054" Order="1" Station="1000"></TimeInfo>
    <TimeInfo ARRTime="2100" DEPTime="2102" Order="2" Station="1010"></TimeInfo>
    <TimeInfo ARRTime="2143" DEPTime="2146" Order="3" Station="1040"></TimeInfo>
    <TimeInfo ARRTime="2230" DEPTime="2230" Order="4" Station="1070"></TimeInfo>
  </TrainInfo>
  <TrainInfo LineDir="0" Note="" Train="259">
    <TimeInfo ARRTime="2130" DEPTime="2130" Order="1" Station="1000"></TimeInfo>
    <TimeInfo ARRTime="2136" DEPTime="2138" Order="2" Station="1010"></TimeInfo>
    <TimeInfo ARRTime="2219" DEPTime="2222" Order="3" Station="1040"></TimeInfo>
    <TimeInfo ARRTime="2306" DEPTime="2306" Order="4" Station="1070"></TimeInfo>
  </TrainInfo>
  <TrainInfo LineDir="1" Note="" Train="302">
    <TimeInfo ARRTime="0630" DEPTime="0630" Order="1" Station="1070"></TimeInfo>
    <TimeInfo ARRTime="0641" DEPTime="0643" Order="2" Station="1060"></TimeInfo>
    <TimeInfo ARRTime="0701" DEPTime="0703" Order="3" Station="1050"></TimeInfo>
    <TimeInfo ARRTime="0725" DEPTime="0728" Order="4" Station="1040"></TimeInfo>
    <TimeInfo ARRTime="0809" DEPTime="0811" Order="5" Station="1010"></TimeInfo>
    <TimeInfo ARRTime="0818" DEPTime="0818" Order="6" Station="1000"></TimeInfo>
  </TrainInfo>
  <TrainInfo LineDir="1" Note="" Train="334">
    <TimeInfo ARRTime="2212" DEPTime="2212" Order="1" Station="1070"></TimeInfo>
    <TimeInfo ARRTime="2223" DEPTime="2225" Order="2" Station="1060"></TimeInfo>
    <TimeInfo ARRTime="2243" DEPTime="2245" Order="3" Station="1050"></TimeInfo>
    <TimeInfo ARRTime="2307" DEPTime="2310" Order="4" Station="1040"></TimeInfo>
    <TimeInfo ARRTime="2351" DEPTime="2353" Order="5" Station="1010"></TimeInfo>
    <TimeInfo ARRTime="2359" DEPTime="2359" Order="6" Station="1000"></TimeInfo>
  </TrainInfo>
  <TrainInfo LineDir="0" Note="" Train="399">
    <TimeInfo ARRTime="2212" DEPTime="2212" Order="1" Station="1000"></TimeInfo>
    <TimeInfo ARRTime="2229" DEPTime="2231" Order="2" Station="1020"></TimeInfo>
    <TimeInfo ARRTime="2301" DEPTime="2304" Order="3" Station="1040"></TimeInfo>
    <TimeInfo ARRTime="2326" DEPTime="2328" Order="4" Station="1050"></TimeInfo>
    <TimeInfo ARRTime="2344" DEPTime="2346" Order="5" Station="1060"></TimeInfo>
    <TimeInfo ARRTime="2359" DEPTime="2359" Order="6" Station="1070"></TimeInfo>
  </TrainInfo>
  <TrainInfo LineDir="1" Note="" Train="502">
    <TimeInfo ARRTime="0630" DEPTime="0630" Order="1" Station="1040"></TimeInfo>
    <TimeInfo ARRTime="0655" DEPTime="0657" Order="2" Station="1030"></TimeInfo>
    <TimeInfo ARRTime="0707" DEPTime="0709" Order="3" Station="1020"></TimeInfo>
    <TimeInfo ARRTime="0721" DEPTime="0723" Order="4" Station="1010"></TimeInfo>
    <TimeInfo ARRTime="0730" DEPTime="0730" Order="5" Station="1000"></TimeInfo>
  </TrainInfo>
  <TrainInfo LineDir="1" Note="" Train="506">
    <TimeInfo ARRTime="0700" DEPTime="0700" Order="1" Station="1040"></TimeInfo>
    <TimeInfo ARRTime="0725" DEPTime="0727" Order="2" Station="1030"></TimeInfo>
    <TimeInfo ARRTime="0737" DEPTime="0739" Order="3" Station="1020"></TimeInfo>
    <TimeInfo ARRTime="0751" DEPTime="0753" Order="4" Station="1010"></TimeInfo>
    <TimeInfo ARRTime="0800" DEPTime="0800" Order="5" Station="1000"></TimeInfo>
  </TrainInfo>
  <TrainInfo LineDir="0" Note="" Train="541">
    <TimeInfo ARRTime="2230" DEPTime="2230" Order="1" Station="1000"></TimeInfo>
    <TimeInfo ARRTime="2236" DEPTime="2238" Order="2" Station="1010"></TimeInfo>
    <TimeInfo ARRTime="2250" DEPTime="2252" Order="3" Station="1020"></TimeInfo>
    <TimeInfo ARRTime="2301" DEPTime="2303" Order="4" Station="1030"></TimeInfo>
    <TimeInfo ARRTime="2330" DEPTime="2330" Order="5" Station="1040"></TimeInfo>
  </TrainInfo>
  <TrainInfo LineDir="0" Note="" Train="545">
    <TimeInfo ARRTime="2300" DEPTime="2300" Order="1" Station="1000"></TimeInfo>
    <TimeInfo ARRTime="2306" DEPTime="2308" Order="2" Station="1010"></TimeInfo>
    <TimeInfo ARRTime="2320" DEPTime="2322" Order="3" Station="1020"></TimeInfo>
    <TimeInfo ARRTime="2331" DEPTime="2333" Order="4" Station="1030"></TimeInfo>
    <TimeInfo ARRTime="2359" DEPTime="2359" Order="5" Station="1040"></TimeInfo>
  </TrainInfo>
  <TrainInfo LineDir="0" Note="" Train="551">
    <TimeInfo ARRTime="0630" DEPTime="0630" Order="1" Station="1040"></TimeInfo>
    <TimeInfo ARRTime="0655" DEPTime="0657" Order="2" Station="1050"></TimeInfo>
    <TimeInfo ARRTime="0715" DEPTime="0717" Order="3" Station="1060"></TimeInfo>
    <TimeInfo ARRTime="0730" DEPTime="0730" Order="4" Station="1070"></TimeInfo>
  </TrainInfo>
  <TrainInfo LineDir="1" Note="" Train="596">
    <TimeInfo ARRTime="2300" DEPTime="2300" Order="1" Station="1070"></TimeInfo>
    <TimeInfo ARRTime="2313" DEPTime="2315" Order="2" Station="1060"></TimeInfo>
    <TimeInfo ARRTime="2333" DEPTime="2335" Order="3" Station="1050"></TimeInfo>
    <TimeInfo ARRTime="2359" DEPTime="2359" Order="4" Station="1040"></TimeInfo>
  </TrainInfo>
  <TrainInfo LineDir="1" Note="" Train="604">
    <TimeInfo ARRTime="0636" DEPTime="0636" Order="1" Station="1070"></TimeInfo>
    <TimeInfo ARRTime="0649" DEPTime="0651" Order="2" Station="1060"></TimeInfo>
    <TimeInfo ARRTime="0709" DEPTime="0712" Order="3" Station="1050"></TimeInfo>
    <TimeInfo ARRTime="0734" DEPTime="0737" Order="4" Station="1040"></TimeInfo>
    <TimeInfo ARRTime="0802" DEPTime="0804" Order="5" Station="1030"></TimeInfo>
    <TimeInfo ARRTime="0814" DEPTime="0816" Order="6" Station="1020"></TimeInfo>
    <TimeInfo ARRTime="0827" DEPTime="0829" Order="7" Station="1010"></TimeInfo>
    <TimeInfo ARRTime="0836" DEPTime="0836" Order="8" Station="1000"></TimeInfo>
  </TrainInfo>
  <TrainInfo LineDir="0" Note="" Train="605">
    <TimeInfo ARRTime="0630" DEPTime="0630" Order="1" Station="1000"></TimeInfo>
    <TimeInfo ARRTime="0636" DEPTime="0638" Order="2" Station="1010"></TimeInfo>
    <TimeInfo ARRTime="0650" DEPTime="0652" Order="3" Station="1020"></TimeInfo>
    <TimeInfo ARRTime="0702" DEPTime="0705" Order="4" Station="1030"></TimeInfo>
    <TimeInfo ARRTime="0729" DEPTime="0732" Order="5" Station="1040"></TimeInfo>
    <TimeInfo ARRTime="0755" DEPTime="0757" Order="6" Station="1050"></TimeInfo>
    <TimeInfo ARRTime="0814" DEPTime="0816" Order="7" Station="1060"></TimeInfo>
    <TimeInfo ARRTime="0830" DEPTime="0830" Order="8" Station="1070"></TimeInfo>
  </TrainInfo>
  <TrainInfo LineDir="1" Note="" Train="608">
    <TimeInfo ARRTime="0700" DEPTime="0700" Order="1" Station="1070"></TimeInfo>
    <TimeInfo ARRTime="0713" DEPTime="0715" Order="2" Station="1060"></TimeInfo>
    <TimeInfo ARRTime="0734" DEPTime="0736" Order="3" Station="1050"></TimeInfo>
    <TimeInfo ARRTime="0758" DEPTime="0801" Order="4" Station="1040"></TimeInfo>
    <TimeInfo ARRTime="0826" DEPTime="0828" Order="5" Station="1030"></TimeInfo>
    <TimeInfo ARRTime="0838" DEPTime="0840" Order="6" Station="1020"></TimeInfo>
    <TimeInfo ARRTime="0851" DEPTime="0853" Order="7" Station="1010"></TimeInfo>
    <TimeInfo ARRTime="0900" DEPTime="0900" Order="8" Station="1000"></TimeInfo>
  </TrainInfo>
  <TrainInfo LineDir="0" Note="" Train="609">
    <TimeInfo ARRTime="0700" DEPTime="0700" Order="1" Station="1000"></TimeInfo>
    <TimeInfo ARRTime="0706" DEPTime="0708" Order="2" Station="1010"></TimeInfo>
    <TimeInfo ARRTime="0719" DEPTime="0721" Order="3" Station="1020"></TimeInfo>
    <TimeInfo ARRTime="0731" DEPTime="0733" Order="4" Station="1030"></TimeInfo>
    <TimeInfo ARRTime="0758" DEPTime="0801" Order="5" Station="1040"></TimeInfo>
    <TimeInfo ARRTime="0824" DEPTime="0826" Order="6" Station="1050"></TimeInfo>
    <TimeInfo ARRTime="0843" DEPTime="0845" Order="7" Station="1060"></TimeInfo>
    <TimeInfo ARRTime="0900" DEPTime="0900" Order="8" Station="1070"></TimeInfo>
  </TrainInfo>
  <TrainInfo LineDir="1" Note="" Train="612">
    <TimeInfo ARRTime="0736" DEPTime="0736" Order="1" Station="1070"></TimeInfo>
    <TimeInfo ARRTime="0747" DEPTime="0749" Order="2" Station="1060"></TimeInfo>
    <TimeInfo ARRTime="0807" DEPTime="0809" Order="3" Station="1050"></TimeInfo>
    <TimeInfo ARRTime="0832" DEPTime="0835" Order="4" Station="1040"></TimeInfo>
    <TimeInfo ARRTime="0901" DEPTime="0903" Order="5" Station="1030"></TimeInfo>
    <TimeInfo ARRTime="0914" DEPTime="0916" Order="6" Station="1020"></TimeInfo>
    <TimeInfo ARRTime="0927" DEPTime="0929" Order="7" Station="1010"></TimeInfo>
    <TimeInfo ARRTime="0936" DEPTime="0936" Order="8" Station="1000"></TimeInfo>
  </TrainInfo>
  <TrainInfo LineDir="0" Note="" Train="613">
    <TimeInfo ARRTime="0736" DEPTime="0736" Order="1" Station="1000"></TimeInfo>
    <TimeInfo ARRTime="0742" DEPTime="0744" Order="2" Station="1010"></TimeInfo>
    <TimeInfo ARRTime="0755" DEPTime="0757" Order="3" Station="1020"></TimeInfo>
    <TimeInfo ARRTime="0808" DEPTime="0810" Order="4" Station="1030"></TimeInfo>
    <TimeInfo ARRTime="0835" DEPTime="0838" Order="5" Station="1040"></TimeInfo>
    <TimeInfo ARRTime="0900" DEPTime="0902" Order="6" Station="1050"></TimeInfo>
    <TimeInfo ARRTime="0918" DEPTime="0921" Order="7" Station="1060"></TimeInfo>
    <TimeInfo ARRTime="0936" DEPTime="0936" Order="8" Station="1070"></TimeInfo>
  </TrainInfo>
  <TrainInfo LineDir="1" Note="" Train="616">
    <TimeInfo ARRTime="0800" DEPTime="0800" Order="1" Station="1070"></TimeInfo>
    <TimeInfo ARRTime="0813" DEPTime="0815" Order="2" Station="1060"></TimeInfo>
    <TimeInfo ARRTime="0834" DEPTime="0836" Order="3" Station="1050"></TimeInfo>
    <TimeInfo ARRTime="0858" DEPTime="0901" Order="4" Station="1040"></TimeInfo>
    <TimeInfo ARRTime="0926" DEPTime="0928" Order="5" Station="1030"></TimeInfo>
    <TimeInfo ARRTime="0938" DEPTime="0940" Order="6" Station="1020"></TimeInfo>
    <TimeInfo ARRTime="0951" DEPTime="0953" Order="7" Station="1010"></TimeInfo>
    <TimeInfo ARRTime="1000" DEPTime="1000" Order="8" Station="1000"></TimeInfo>
  </TrainInfo>
  <TrainInfo LineDir="0" Note="" Train="617">
    <TimeInfo ARRTime="0800" DEPTime="0800" Order="1" Station="1000"></TimeInfo>
    <TimeInfo ARRTime="0806" DEPTime="0808" Order="2" Station="1010"></TimeInfo>
    <TimeInfo ARRTime="0819" DEPTime="0821" Order="3" Station="1020"></TimeInfo>
    <TimeInfo ARRTime="0831" DEPTime="0833" Order="4" Station="1030"></TimeInfo>
    <TimeInfo ARRTime="0858" DEPTime="0901" Order="5" Station="1040"></TimeInfo>
    <TimeInfo ARRTime="0924" DEPTime="0926" Order="6" Station="1050"></TimeInfo>
    <TimeInfo ARRTime="0943" DEPTime="0945" Order="7" Station="1060"></TimeInfo>
    <TimeInfo ARRTime="1000" DEPTime="1000" Order="8" Station="1070"></TimeInfo>
  </TrainInfo>
  <TrainInfo LineDir="1" Note="" Train="620">
    <TimeInfo ARRTime="0836" DEPTime="0836" Order="1" Station="1070"></TimeInfo>
    <TimeInfo ARRTime="0847" DEPTime="0849" Order="2" Station="1060"></TimeInfo>
    <TimeInfo ARRTime="0907" DEPTime="0909" Order="3" Station="1050"></TimeInfo>
    <TimeInfo ARRTime="0932" DEPTime="0935" Order="4" Station="1040"></TimeInfo>
    <TimeInfo ARRTime="1001" DEPTime="1003" Order="5" Station="1030"></TimeInfo>
    <TimeInfo ARRTime="1014" DEPTime="1016" Order="6" Station="1020"></TimeInfo>
    <TimeInfo ARRTime="1027" DEPTime="1029" Order="7" Station="1010"></TimeInfo>
    <TimeInfo ARRTime="1036" DEPTime="1036" Order="8" Station="1000"></TimeInfo>
  </TrainInfo>
  <TrainInfo LineDir="0" Note="" Train="621">
    <TimeInfo ARRTime="0836" DEPTime="0836" Order="1" Station="1000"></TimeInfo>
    <TimeInfo ARRTime="0842" DEPTime="0844" Order="2" Station="1010"></TimeInfo>
    <TimeInfo ARRTime="0855" DEPTime="0857" Order="3" Station="1020"></TimeInfo>
    <TimeInfo ARRTime="0908" DEPTime="0910" Order="4" Station="1030"></TimeInfo>
    <TimeInfo ARRTime="0935" DEPTime="0938" Order="5" Station="1040"></TimeInfo>
    <TimeInfo ARRTime="1000" DEPTime="1002" Order="6" Station="1050"></TimeInfo>
    <TimeInfo ARRTime="1018" DEPTime="1021" Order="7" Station="1060"></TimeInfo>
    <TimeInfo ARRTime="1036" DEPTime="1036" Order="8" Station="1070"></TimeInfo>
  </TrainInfo>
  <TrainInfo LineDir="1" Note="" Train="624">
    <TimeInfo ARRTime="0900" DEPTime="0900" Order="1" Station="1070"></TimeInfo>
    <TimeInfo ARRTime="0913" DEPTime="0915" Order="2" Station="1060"></TimeInfo>
    <TimeInfo ARRTime="0934" DEPTime="0936" Order="3" Station="1050"></TimeInfo>
    <TimeInfo ARRTime="0958" DEPTime="1001" Order="4" Station="1040"></TimeInfo>
    <TimeInfo ARRTime="1026" DEPTime="1028" Order="5" Station="1030"></TimeInfo>
    <TimeInfo ARRTime="1038" DEPTime="1040" Order="6" Station="1020"></TimeInfo>
    <TimeInfo ARRTime="1051" DEPTime="1053" Order="7" Station="1010"></TimeInfo>
    <TimeInfo ARRTime="1100" DEPTime="1100" Order="8" Station="1000"></TimeInfo>
  </TrainInfo>
  <TrainInfo LineDir="0" Note="" Train="625">
    <TimeInfo ARRTime="0900" DEPTime="0900" Order="1" Station="1000"></TimeInfo>
    <TimeInfo ARRTime="0906" DEPTime="0908" Order="2" Station="1010"></TimeInfo>
    <TimeInfo ARRTime="0919" DEPTime="0921" Order="3" Station="1020"></TimeInfo>
    <TimeInfo ARRTime="0931" DEPTime="0933" Order="4" Station="1030"></TimeInfo>
    <TimeInfo ARRTime="0958" DEPTime="1001" Order="5" Station="1040"></TimeInfo>
    <TimeInfo ARRTime="1024" DEPTime="1026" Order="6" Station="1050"></TimeInfo>
    <TimeInfo ARRTime="1043" DEPTime="1045" Order="7" Station="1060"></TimeInfo>
    <TimeInfo ARRTime="1100" DEPTime="1100" Order="8" Station="1070"></TimeInfo>
  </TrainInfo>
  <TrainInfo LineDir="1" Note="" Train="628">
    <TimeInfo ARRTime="0936" DEPTime="0936" Order="1" Station="1070"></TimeInfo>
    <TimeInfo ARRTime="0947" DEPTime="0949" Order="2" Station="1060"></TimeInfo>
    <TimeInfo ARRTime="1007" DEPTime="1009" Order="3" Station="1050"></TimeInfo>
    <TimeInfo ARRTime="1032" DEPTime="1035" Order="4" Station="1040"></TimeInfo>
    <TimeInfo ARRTime="1101" DEPTime="1103" Order="5" Station="1030"></TimeInfo>
    <TimeInfo ARRTime="1114" DEPTime="1116" Order="6" Station="1020"></TimeInfo>
    <TimeInfo ARRTime="1127" DEPTime="1129" Order="7" Station="1010"></TimeInfo>
    <TimeInfo ARRTime="1136" DEPTime="1136" Order="8" Station="1000"></TimeInfo>
  </TrainInfo>
  <TrainInfo LineDir="0" Note="" Train="629">
    <TimeInfo ARRTime="0936" DEPTime="0936" Order="1" Station="1000"></TimeInfo>
    <TimeInfo ARRTime="0942" DEPTime="0944" Order="2" Station="1010"></TimeInfo>
    <TimeInfo ARRTime="0955" DEPTime="0957" Order="3" Station="1020"></TimeInfo>
    <TimeInfo ARRTime="1008" DEPTime="1010" Order="4" Station="1030"></TimeInfo>
    <TimeInfo ARRTime="1035" DEPTime="1038" Order="5" Station="1040"></TimeInfo>
    <TimeInfo ARRTime="1100" DEPTime="1102" Order="6" Station="1050"></TimeInfo>
    <TimeInfo ARRTime="1118" DEPTime="1121" Order="7" Station="1060"></TimeInfo>
    <TimeInfo ARRTime="1136" DEPTime="1136" Order="8" Station="1070"></TimeInfo>
  </TrainInfo>
  <TrainInfo LineDir="1" Note="" Train="632">
    <TimeInfo ARRTime="1000" DEPTime="1000" Order="1" Station="1070"></TimeInfo>
    <TimeInfo ARRTime="1013" DEPTime="1015" Order="2" Station="1060"></TimeInfo>
    <TimeInfo ARRTime="1034" DEPTime="1036" Order="3" Station="1050"></TimeInfo>
    <TimeInfo ARRTime="1058" DEPTime="1101" Order="4" Station="1040"></TimeInfo>
    <TimeInfo ARRTime="1126" DEPTime="1128" Order="5" Station="1030"></TimeInfo>
    <TimeInfo ARRTime="1138" DEPTime="1140" Order="6" Station="1020"></TimeInfo>
    <TimeInfo ARRTime="1151" DEPTime="1153" Order="7" Station="1010"></TimeInfo>
    <TimeInfo ARRTime="1200" DEPTime="1200" Order="8" Station="1000"></TimeInfo>
  </TrainInfo>
  <TrainInfo LineDir="0" Note="" Train="633">
    <TimeInfo ARRTime="1000" DEPTime="1000" Order="1" Station="1000"></TimeInfo>
    <TimeInfo ARRTime="1006" DEPTime="1008" Order="2" Station="1010"></TimeInfo>
    <TimeInfo ARRTime="1019" DEPTime="1021" Order="3" Station="1020"></TimeInfo>
    <TimeInfo ARRTime="1031" DEPTime="1033" Order="4" Station="1030"></TimeInfo>
    <TimeInfo ARRTime="1058" DEPTime="1101" Order="5" Station="1040"></TimeInfo>
    <TimeInfo ARRTime="1124" DEPTime="1126" Order="6" Station="1050"></TimeInfo>
    <TimeInfo ARRTime="1143" DEPTime="1145" Order="7" Station="1060"></TimeInfo>
    <TimeInfo ARRTime="1200" DEPTime="1200" Order="8" Station="1070"></TimeInfo>
  </TrainInfo>
  <TrainInfo LineDir="1" Note="" Train="636">
    <TimeInfo ARRTime="1036" DEPTime="1036" Order="1" Station="1070"></TimeInfo>
    <TimeInfo ARRTime="1047" DEPTime="1049" Order="2" Station="1060"></TimeInfo>
    <TimeInfo ARRTime="1107" DEPTime="1109" Order="3" Station="1050"></TimeInfo>
    <TimeInfo ARRTime="1132" DEPTime="1135" Order="4" Station="1040"></TimeInfo>
    <TimeInfo ARRTime="1201" DEPTime="1203" Order="5" Station="1030"></TimeInfo>
    <TimeInfo ARRTime="1214" DEPTime="1216" Order="6" Station="1020"></TimeInfo>
    <TimeInfo ARRTime="1227" DEPTime="1229" Order="7" Station="1010"></TimeInfo>
    <TimeInfo ARRTime="1236" DEPTime="1236" Order="8" Station="1000"></TimeInfo>
  </TrainInfo>
  <TrainInfo LineDir="0" Note="" Train="637">
    <TimeInfo ARRTime="1036" DEPTime="1036" Order="1" Station="1000"></TimeInfo>
    <TimeInfo ARRTime="1042" DEPTime="1044" Order="2" Station="1010"></TimeInfo>
    <TimeInfo ARRTime="1055" DEPTime="1057" Order="3" Station="1020"></TimeInfo>
    <TimeInfo ARRTime="1108" DEPTime="1110" Order="4" Station="1030"></TimeInfo>
    <TimeInfo ARRTime="1135" DEPTime="1138" Order="5" Station="1040"></TimeInfo>
    <TimeInfo ARRTime="1200" DEPTime="1202" Order="6" Station="1050"></TimeInfo>
    <TimeInfo ARRTime="1218" DEPTime="1221" Order="7" Station="1060"></TimeInfo>
    <TimeInfo ARRTime="1236" DEPTime="1236" Order="8" Station="1070"></TimeInfo>
  </TrainInfo>
  <TrainInfo LineDir="1" Note="" Train="640">
    <TimeInfo ARRTime="1100" DEPTime="1100" Order="1" Station="1070"></TimeInfo>
    <TimeInfo ARRTime="1113" DEPTime="1115" Order="2" Station="1060"></TimeInfo>
    <TimeInfo ARRTime="1134" DEPTime="1136" Order="3" Station="1050"></TimeInfo>
    <TimeInfo ARRTime="1158" DEPTime="1201" Order="4" Station="1040"></TimeInfo>
    <TimeInfo ARRTime="1226" DEPTime="1228" Order="5" Station="1030"></TimeInfo>
    <TimeInfo ARRTime="1238" DEPTime="1240" Order="6" Station="1020"></TimeInfo>
    <TimeInfo ARRTime="1251" DEPTime="1253" Order="7" Station="1010"></TimeInfo>
    <TimeInfo ARRTime="1300" DEPTime="1300" Order="8" Station="1000"></TimeInfo>
  </TrainInfo>
  <TrainInfo LineDir="0" Note="" Train="641">
    <TimeInfo ARRTime="1100" DEPTime="1100" Order="1" Station="1000"></TimeInfo>
    <TimeInfo ARRTime="1106" DEPTime="1108" Order="2" Station="1010"></TimeInfo>
    <TimeInfo ARRTime="1119" DEPTime="1121" Order="3" Station="1020"></TimeInfo>
    <TimeInfo ARRTime="1131" DEPTime="1133" Order="4" Station="1030"></TimeInfo>
    <TimeInfo ARRTime="1158" DEPTime="1201" Order="5" Station="1040"></TimeInfo>
    <TimeInfo ARRTime="1224" DEPTime="1226" Order="6" Station="1050"></TimeInfo>
    <TimeInfo ARRTime="1243" DEPTime="1245" Order="7" Station="1060"></TimeInfo>
    <TimeInfo ARRTime="1300" DEPTime="1300" Order="8" Station="1070"></TimeInfo>
  </TrainInfo>
  <TrainInfo LineDir="1" Note="" Train="644">
    <TimeInfo ARRTime="1136" DEPTime="1136" Order="1" Station="1070"></TimeInfo>
    <TimeInfo ARRTime="1147" DEPTime="1149" Order="2" Station="1060"></TimeInfo>
    <TimeInfo ARRTime="1207" DEPTime="1209" Order="3" Station="1050"></TimeInfo>
    <TimeInfo ARRTime="1232" DEPTime="1235" Order="4" Station="1040"></TimeInfo>
    <TimeInfo ARRTime="1301" DEPTime="1303" Order="5" Station="1030"></TimeInfo>
    <TimeInfo ARRTime="1314" DEPTime="1316" Order="6" Station="1020"></TimeInfo>
    <TimeInfo ARRTime="1327" DEPTime="1329" Order="7" Station="1010"></TimeInfo>
    <TimeInfo ARRTime="1336" DEPTime="1336" Order="8" Station="1000"></TimeInfo>
  </TrainInfo>
  <TrainInfo LineDir="0" Note="" Train="645">
    <TimeInfo ARRTime="1136" DEPTime="1136" Order="1" Station="1000"></TimeInfo>
    <TimeInfo ARRTime="1142" DEPTime="1144" Order="2" Station="1010"></TimeInfo>
    <TimeInfo ARRTime="1155" DEPTime="1157" Order="3" Station="1020"></TimeInfo>
    <TimeInfo ARRTime="1208" DEPTime="1210" Order="4" Station="1030"></TimeInfo>
    <TimeInfo ARRTime="1235" DEPTime="1238" Order="5" Station="1040"></TimeInfo>
    <TimeInfo ARRTime="1300" DEPTime="1302" Order="6" Station="1050"></TimeInfo>
    <TimeInfo ARRTime="1319" DEPTime="1321" Order="7" Station="1060"></TimeInfo>
    <TimeInfo ARRTime="1336" DEPTime="1336" Order="8" Station="1070"></TimeInfo>
  </TrainInfo>
  <TrainInfo LineDir="1" Note="" Train="648">
    <TimeInfo ARRTime="1200" DEPTime="1200" Order="1" Station="1070"></TimeInfo>
    <TimeInfo ARRTime="1213" DEPTime="1215" Order="2" Station="1060"></TimeInfo>
    <TimeInfo ARRTime="1234" DEPTime="1236" Order="3" Station="1050"></TimeInfo>
    <TimeInfo ARRTime="1258" DEPTime="1301" Order="4" Station="1040"></TimeInfo>
    <TimeInfo ARRTime="1326" DEPTime="1328" Order="5" Station="1030"></TimeInfo>
    <TimeInfo ARRTime="1338" DEPTime="1340" Order="6" Station="1020"></TimeInfo>
    <TimeInfo ARRTime="1351" DEPTime="1353" Order="7" Station="1010"></TimeInfo>
    <TimeInfo ARRTime="1400" DEPTime="1400" Order="8" Station="1000"></TimeInfo>
  </TrainInfo>
  <TrainInfo LineDir="0" Note="" Train="649">
    <TimeInfo ARRTime="1200" DEPTime="1200" Order="1" Station="1000"></TimeInfo>
    <TimeInfo ARRTime="1206" DEPTime="1208" Order="2" Station="1010"></TimeInfo>
    <TimeInfo ARRTime="1219" DEPTime="1221" Order="3" Station="1020"></TimeInfo>
    <TimeInfo ARRTime="1231" DEPTime="1233" Order="4" Station="1030"></TimeInfo>
    <TimeInfo ARRTime="1258" DEPTime="1301" Order="5" Station="1040"></TimeInfo>
    <TimeInfo ARRTime="1324" DEPTime="1326" Order="6" Station="1050"></TimeInfo>
    <TimeInfo ARRTime="1343" DEPTime="1345" Order="7" Station="1060"></TimeInfo>
    <TimeInfo ARRTime="1400" DEPTime="1400" Order="8" Station="1070"></TimeInfo>
  </TrainInfo>
  <TrainInfo LineDir="1" Note="" Train="652">
    <TimeInfo ARRTime="1236" DEPTime="1236" Order="1" Station="1070"></TimeInfo>
    <TimeInfo ARRTime="1247" DEPTime="1249" Order="2" Station="1060"></TimeInfo>
    <TimeInfo ARRTime="1307" DEPTime="1309" Order="3" Station="1050"></TimeInfo>
    <TimeInfo ARRTime="1332" DEPTime="1335" Order="4" Station="1040"></TimeInfo>
    <TimeInfo ARRTime="1401" DEPTime="1403" Order="5" Station="1030"></TimeInfo>
    <TimeInfo ARRTime="1414" DEPTime="1416" Order="6" Station="1020"></TimeInfo>
    <TimeInfo ARRTime="1427" DEPTime="1429" Order="7" Station="1010"></TimeInfo>
    <TimeInfo ARRTime="1436" DEPTime="1436" Order="8" Station="1000"></TimeInfo>
  </TrainInfo>
  <TrainInfo LineDir="0" Note="" Train="653">
    <TimeInfo ARRTime="1236" DEPTime="1236" Order="1" Station="1000"></TimeInfo>
    <TimeInfo ARRTime="1242" DEPTime="1244" Order="2" Station="1010"></TimeInfo>
    <TimeInfo ARRTime="1255" DEPTime="1257" Order="3" Station="1020"></TimeInfo>
    <TimeInfo ARRTime="1308" DEPTime="1310" Order="4" Station="1030"></TimeInfo>
    <TimeInfo ARRTime="1335" DEPTime="1338" Order="5" Station="1040"></TimeInfo>
    <TimeInfo ARRTime="1400" DEPTime="1402" Order="6" Station="1050"></TimeInfo>
    <TimeInfo ARRTime="1419" DEPTime="1421" Order="7" Station="1060"></TimeInfo>
    <TimeInfo ARRTime="1436" DEPTime="1436" Order="8" Station="1070"></TimeInfo>
  </TrainInfo>
  <TrainInfo LineDir="1" Note="" Train="656">
    <TimeInfo ARRTime="1300" DEPTime="1300" Order="1" Station="1070"></TimeInfo>
    <TimeInfo ARRTime="1313" DEPTime="1315" Order="2" Station="1060"></TimeInfo>
    <TimeInfo ARRTime="1334" DEPTime="1336" Order="3" Station="1050"></TimeInfo>
    <TimeInfo ARRTime="1358" DEPTime="1401" Order="4" Station="1040"></TimeInfo>
    <TimeInfo ARRTime="1426" DEPTime="1428" Order="5" Station="1030"></TimeInfo>
    <TimeInfo ARRTime="1438" DEPTime="1440" Order="6" Station="1020"></TimeInfo>
    <TimeInfo ARRTime="1451" DEPTime="1453" Order="7" Station="1010"></TimeInfo>
    <TimeInfo ARRTime="1500" DEPTime="1500" Order="8" Station="1000"></TimeInfo>
  </TrainInfo>
  <TrainInfo LineDir="0" Note="" Train="657">
    <TimeInfo ARRTime="1300" DEPTime="1300" Order="1" Station="1000"></TimeInfo>
    <TimeInfo ARRTime="1306" DEPTime="1308" Order="2" Station="1010"></TimeInfo>
    <TimeInfo ARRTime="1319" DEPTime="1321" Order="3" Station="1020"></TimeInfo>
    <TimeInfo ARRTime="1331" DEPTime="1333" Order="4" Station="1030"></TimeInfo>
    <TimeInfo ARRTime="1358" DEPTime="1401" Order="5" Station="1040"></TimeInfo>
    <TimeInfo ARRTime="1424" DEPTime="1426" Order="6" Station="1050"></TimeInfo>
    <TimeInfo ARRTime="1443" DEPTime="1445" Order="7" Station="1060"></TimeInfo>
    <TimeInfo ARRTime="1500" DEPTime="1500" Order="8" Station="1070"></TimeInfo>
  </TrainInfo>
  <TrainInfo LineDir="1" Note="" Train="660">
    <TimeInfo ARRTime="1336" DEPTime="1336" Order="1" Station="1070"></TimeInfo>
    <TimeInfo ARRTime="1347" DEPTime="1349" Order="2" Station="1060"></TimeInfo>
    <TimeInfo ARRTime="1407" DEPTime="1409" Order="3" Station="1050"></TimeInfo>
    <TimeInfo ARRTime="1432" DEPTime="1435" Order="4" Station="1040"></TimeInfo>
    <TimeInfo ARRTime="1501" DEPTime="1503" Order="5" Station="1030"></TimeInfo>
    <TimeInfo ARRTime="1514" DEPTime="1516" Order="6" Station="1020"></TimeInfo>
    <TimeInfo ARRTime="1527" DEPTime="1529" Order="7" Station="1010"></TimeInfo>
    <TimeInfo ARRTime="1536" DEPTime="1536" Order="8" Station="1000"></TimeInfo>
  </TrainInfo>
  <TrainInfo LineDir="0" Note="" Train="661">
    <TimeInfo ARRTime="1336" DEPTime="1336" Order="1" Station="1000"></TimeInfo>
    <TimeInfo ARRTime="1342" DEPTime="1344" Order="2" Station="1010"></TimeInfo>
    <TimeInfo ARRTime="1355" DEPTime="1357" Order="3" Station="1020"></TimeInfo>
    <TimeInfo ARRTime="1408" DEPTime="1410" Order="4" Station="1030"></TimeInfo>
    <TimeInfo ARRTime="1435" DEPTime="1438" Order="5" Station="1040"></TimeInfo>
    <TimeInfo ARRTime="1500" DEPTime="1502" Order="6" Station="1050"></TimeInfo>
    <TimeInfo ARRTime="1519" DEPTime="1521" Order="7" Station="1060"></TimeInfo>
    <TimeInfo ARRTime="1536" DEPTime="1536" Order="8" Station="1070"></TimeInfo>
  </TrainInfo>
  <TrainInfo LineDir="1" Note="" Train="700">
    <TimeInfo ARRTime="1400" DEPTime="1400" Order="1" Station="1070"></TimeInfo>
    <TimeInfo ARRTime="1413" DEPTime="1415" Order="2" Station="1060"></TimeInfo>
    <TimeInfo ARRTime="1434" DEPTime="1436" Order="3" Station="1050"></TimeInfo>
    <TimeInfo ARRTime="1458" DEPTime="1501" Order="4" Station="1040"></TimeInfo>
    <TimeInfo ARRTime="1526" DEPTime="1528" Order="5" Station="1030"></TimeInfo>
    <TimeInfo ARRTime="1538" DEPTime="1540" Order="6" Station="1020"></TimeInfo>
    <TimeInfo ARRTime="1551" DEPTime="1553" Order="7" Station="1010"></TimeInfo>
    <TimeInfo ARRTime="1600" DEPTime="1600" Order="8" Station="1000"></TimeInfo>
  </TrainInfo>
  <TrainInfo LineDir="0" Note="" Train="701">
    <TimeInfo ARRTime="1400" DEPTime="1400" Order="1" Station="1000"></TimeInfo>
    <TimeInfo ARRTime="1406" DEPTime="1408" Order="2" Station="1010"></TimeInfo>
    <TimeInfo ARRTime="1419" DEPTime="1421" Order="3" Station="1020"></TimeInfo>
    <TimeInfo ARRTime="1431" DEPTime="1433" Order="4" Station="1030"></TimeInfo>
    <TimeInfo ARRTime="1458" DEPTime="1501" Order="5" Station="1040"></TimeInfo>
    <TimeInfo ARRTime="1524" DEPTime="1526" Order="6" Station="1050"></TimeInfo>
    <TimeInfo ARRTime="1543" DEPTime="1545" Order="7" Station="1060"></TimeInfo>
    <TimeInfo ARRTime="1600" DEPTime="1600" Order="8" Station="1070"></TimeInfo>
  </TrainInfo>
  <TrainInfo LineDir="1" Note="" Train="704">
    <TimeInfo ARRTime="1436" DEPTime="1436" Order="1" Station="1070"></TimeInfo>
    <TimeInfo ARRTime="1447" DEPTime="1449" Order="2" Station="1060"></TimeInfo>
    <TimeInfo ARRTime="1507" DEPTime="1509" Order="3" Station="1050"></TimeInfo>
    <TimeInfo ARRTime="1532" DEPTime="1535" Order="4" Station="1040"></TimeInfo>
    <TimeInfo ARRTime="1601" DEPTime="1603" Order="5" Station="1030"></TimeInfo>
    <TimeInfo ARRTime="1614" DEPTime="1616" Order="6" Station="1020"></TimeInfo>
    <TimeInfo ARRTime="1627" DEPTime="1629" Order="7" Station="1010"></TimeInfo>
    <TimeInfo ARRTime="1636" DEPTime="1636" Order="8" Station="1000"></TimeInfo>
  </TrainInfo>
  <TrainInfo LineDir="0" Note="" Train="705">
    <TimeInfo ARRTime="1436" DEPTime="1436" Order="1" Station="1000"></TimeInfo>
    <TimeInfo ARRTime="1442" DEPTime="1444" Order="2" Station="1010"></TimeInfo>
    <TimeInfo ARRTime="1455" DEPTime="1457" Order="3" Station="1020"></TimeInfo>
    <TimeInfo ARRTime="1508" DEPTime="1510" Order="4" Station="1030"></TimeInfo>
    <TimeInfo ARRTime="1535" DEPTime="1538" Order="5" Station="1040"></TimeInfo>
    <TimeInfo ARRTime="1600" DEPTime="1602" Order="6" Station="1050"></TimeInfo>
    <TimeInfo ARRTime="1619" DEPTime="1621" Order="7" Station="1060"></TimeInfo>
    <TimeInfo ARRTime="1636" DEPTime="1636" Order="8" Station="1070"></TimeInfo>
  </TrainInfo>
  <TrainInfo LineDir="1" Note="" Train="708">
    <TimeInfo ARRTime="1500" DEPTime="1500" Order="1" Station="1070"></TimeInfo>
    <TimeInfo ARRTime="1513" DEPTime="1515" Order="2" Station="1060"></TimeInfo>
    <TimeInfo ARRTime="1534" DEPTime="1536" Order="3" Station="1050"></TimeInfo>
    <TimeInfo ARRTime="1558" DEPTime="1601" Order="4" Station="1040"></TimeInfo>
    <TimeInfo ARRTime="1626" DEPTime="1628" Order="5" Station="1030"></TimeInfo>
    <TimeInfo ARRTime="1638" DEPTime="1640" Order="6" Station="1020"></TimeInfo>
    <TimeInfo ARRTime="1651" DEPTime="1653" Order="7" Station="1010"></TimeInfo>
    <TimeInfo ARRTime="1700" DEPTime="1700" Order="8" Station="1000"></TimeInfo>
  </TrainInfo>
  <TrainInfo LineDir="0" Note="" Train="709">
    <TimeInfo ARRTime="1500" DEPTime="1500" Order="1" Station="1000"></TimeInfo>
    <TimeInfo ARRTime="1506" DEPTime="1508" Order="2" Station="1010"></TimeInfo>
    <TimeInfo ARRTime="1519" DEPTime="1521" Order="3" Station="1020"></TimeInfo>
    <TimeInfo ARRTime="1531" DEPTime="1533" Order="4" Station="1030"></TimeInfo>
    <TimeInfo ARRTime="1558" DEPTime="1601" Order="5" Station="1040"></TimeInfo>
    <TimeInfo ARRTime="1624" DEPTime="1626" Order="6" Station="1050"></TimeInfo>
    <TimeInfo ARRTime="1643" DEPTime="1645" Order="7" Station="1060"></TimeInfo>
    <TimeInfo ARRTime="1700" DEPTime="1700" Order="8" Station="1070"></TimeInfo>
  </TrainInfo>
  <TrainInfo LineDir="1" Note="" Train="712">
    <TimeInfo ARRTime="1536" DEPTime="1536" Order="1" Station="1070"></TimeInfo>
    <TimeInfo ARRTime="1547" DEPTime="1549" Order="2" Station="1060"></TimeInfo>
    <TimeInfo ARRTime="1607" DEPTime="1609" Order="3" Station="1050"></TimeInfo>
    <TimeInfo ARRTime="1632" DEPTime="1635" Order="4" Station="1040"></TimeInfo>
    <TimeInfo ARRTime="1701" DEPTime="1703" Order="5" Station="1030"></TimeInfo>
    <TimeInfo ARRTime="1714" DEPTime="1716" Order="6" Station="1020"></TimeInfo>
    <TimeInfo ARRTime="1727" DEPTime="1729" Order="7" Station="1010"></TimeInfo>
    <TimeInfo ARRTime="1736" DEPTime="1736" Order="8" Station="1000"></TimeInfo>
  </TrainInfo>
  <TrainInfo LineDir="0" Note="" Train="713">
    <TimeInfo ARRTime="1536" DEPTime="1536" Order="1" Station="1000"></TimeInfo>
    <TimeInfo ARRTime="1542" DEPTime="1544" Order="2" Station="1010"></TimeInfo>
    <TimeInfo ARRTime="1555" DEPTime="1557" Order="3" Station="1020"></TimeInfo>
    <TimeInfo ARRTime="1608" DEPTime="1610" Order="4" Station="1030"></TimeInfo>
    <TimeInfo ARRTime="1635" DEPTime="1638" Order="5" Station="1040"></TimeInfo>
    <TimeInfo ARRTime="1700" DEPTime="1702" Order="6" Station="1050"></TimeInfo>
    <TimeInfo ARRTime="1719" DEPTime="1721" Order="7" Station="1060"></TimeInfo>
    <TimeInfo ARRTime="1736" DEPTime="1736" Order="8" Station="1070"></TimeInfo>
  </TrainInfo>
  <TrainInfo LineDir="1" Note="" Train="716">
    <TimeInfo ARRTime="1600" DEPTime="1600" Order="1" Station="1070"></TimeInfo>
    <TimeInfo ARRTime="1613" DEPTime="1615" Order="2" Station="1060"></TimeInfo>
    <TimeInfo ARRTime="1634" DEPTime="1636" Order="3" Station="1050"></TimeInfo>
    <TimeInfo ARRTime="1658" DEPTime="1701" Order="4" Station="1040"></TimeInfo>
    <TimeInfo ARRTime="1726" DEPTime="1728" Order="5" Station="1030"></TimeInfo>
    <TimeInfo ARRTime="1738" DEPTime="1740" Order="6" Station="1020"></TimeInfo>
    <TimeInfo ARRTime="1751" DEPTime="1753" Order="7" Station="1010"></TimeInfo>
    <TimeInfo ARRTime="1800" DEPTime="1800" Order="8" Station="1000"></TimeInfo>
  </TrainInfo>
  <TrainInfo LineDir="0" Note="" Train="717">
    <TimeInfo ARRTime="1600" DEPTime="1600" Order="1" Station="1000"></TimeInfo>
    <TimeInfo ARRTime="1606" DEPTime="1608" Order="2" Station="1010"></TimeInfo>
    <TimeInfo ARRTime="1619" DEPTime="1621" Order="3" Station="1020"></TimeInfo>
    <TimeInfo ARRTime="1631" DEPTime="1633" Order="4" Station="1030"></TimeInfo>
    <TimeInfo ARRTime="1658" DEPTime="1701" Order="5" Station="1040"></TimeInfo>
    <TimeInfo ARRTime="1724" DEPTime="1726" Order="6" Station="1050"></TimeInfo>
    <TimeInfo ARRTime="1743" DEPTime="1745" Order="7" Station="1060"></TimeInfo>
    <TimeInfo ARRTime="1800" DEPTime="1800" Order="8" Station="1070"></TimeInfo>
  </TrainInfo>
  <TrainInfo LineDir="1" Note="" Train="720">
    <TimeInfo ARRTime="1636" DEPTime="1636" Order="1" Station="1070"></TimeInfo>
    <TimeInfo ARRTime="1647" DEPTime="1649" Order="2" Station="1060"></TimeInfo>
    <TimeInfo ARRTime="1707" DEPTime="1709" Order="3" Station="1050"></TimeInfo>
    <TimeInfo ARRTime="1732" DEPTime="1735" Order="4" Station="1040"></TimeInfo>
    <TimeInfo ARRTime="1801" DEPTime="1803" Order="5" Station="1030"></TimeInfo>
    <TimeInfo ARRTime="1814" DEPTime="1816" Order="6" Station="1020"></TimeInfo>
    <TimeInfo ARRTime="1827" DEPTime="1829" Order="7" Station="1010"></TimeInfo>
    <TimeInfo ARRTime="1836" DEPTime="1836" Order="8" Station="1000"></TimeInfo>
  </TrainInfo>
  <TrainInfo LineDir="0" Note="" Train="721">
    <TimeInfo ARRTime="1636" DEPTime="1636" Order="1" Station="1000"></TimeInfo>
    <TimeInfo ARRTime="1642" DEPTime="1644" Order="2" Station="1010"></TimeInfo>
    <TimeInfo ARRTime="1655" DEPTime="1657" Order="3" Station="1020"></TimeInfo>
    <TimeInfo ARRTime="1708" DEPTime="1710" Order="4" Station="1030"></TimeInfo>
    <TimeInfo ARRTime="1735" DEPTime="1738" Order="5" Station="1040"></TimeInfo>
    <TimeInfo ARRTime="1800" DEPTime="1802" Order="6" Station="1050"></TimeInfo>
    <TimeInfo ARRTime="1819" DEPTime="1821" Order="7" Station="1060"></TimeInfo>
    <TimeInfo ARRTime="1836" DEPTime="1836" Order="8" Station="1070"></TimeInfo>
  </TrainInfo>
  <TrainInfo LineDir="1" Note="" Train="724">
    <TimeInfo ARRTime="1700" DEPTime="1700" Order="1" Station="1070"></TimeInfo>
    <TimeInfo ARRTime="1713" DEPTime="1715" Order="2" Station="1060"></TimeInfo>
    <TimeInfo ARRTime="1734" DEPTime="1736" Order="3" Station="1050"></TimeInfo>
    <TimeInfo ARRTime="1758" DEPTime="1801" Order="4" Station="1040"></TimeInfo>
    <TimeInfo ARRTime="1826" DEPTime="1828" Order="5" Station="1030"></TimeInfo>
    <TimeInfo ARRTime="1838" DEPTime="1840" Order="6" Station="1020"></TimeInfo>
    <TimeInfo ARRTime="1851" DEPTime="1853" Order="7" Station="1010"></TimeInfo>
    <TimeInfo ARRTime="1900" DEPTime="1900" Order="8" Station="1000"></TimeInfo>
  </TrainInfo>
  <TrainInfo LineDir="0" Note="" Train="725">
    <TimeInfo ARRTime="1700" DEPTime="1700" Order="1" Station="1000"></TimeInfo>
    <TimeInfo ARRTime="1706" DEPTime="1708" Order="2" Station="1010"></TimeInfo>
    <TimeInfo ARRTime="1719" DEPTime="1721" Order="3" Station="1020"></TimeInfo>
    <TimeInfo ARRTime="1731" DEPTime="1733" Order="4" Station="1030"></TimeInfo>
    <TimeInfo ARRTime="1758" DEPTime="1801" Order="5" Station="1040"></TimeInfo>
    <TimeInfo ARRTime="1824" DEPTime="1826" Order="6" Station="1050"></TimeInfo>
    <TimeInfo ARRTime="1843" DEPTime="1845" Order="7" Station="1060"></TimeInfo>
    <TimeInfo ARRTime="1900" DEPTime="1900" Order="8" Station="1070"></TimeInfo>
  </TrainInfo>
  <TrainInfo LineDir="1" Note="" Train="728">
    <TimeInfo ARRTime="1736" DEPTime="1736" Order="1" Station="1070"></TimeInfo>
    <TimeInfo ARRTime="1747" DEPTime="1749" Order="2" Station="1060"></TimeInfo>
    <TimeInfo ARRTime="1807" DEPTime="1809" Order="3" Station="1050"></TimeInfo>
    <TimeInfo ARRTime="1832" DEPTime="1835" Order="4" Station="1040"></TimeInfo>
    <TimeInfo ARRTime="1901" DEPTime="1903" Order="5" Station="1030"></TimeInfo>
    <TimeInfo ARRTime="1914" DEPTime="1916" Order="6" Station="1020"></TimeInfo>
    <TimeInfo ARRTime="1927" DEPTime="1929" Order="7" Station="1010"></TimeInfo>
    <TimeInfo ARRTime="1936" DEPTime="1936" Order="8" Station="1000"></TimeInfo>
  </TrainInfo>
  <TrainInfo LineDir="0" Note="" Train="729">
    <TimeInfo ARRTime="1736" DEPTime="1736" Order="1" Station="1000"></TimeInfo>
    <TimeInfo ARRTime="1742" DEPTime="1744" Order="2" Station="1010"></TimeInfo>
    <TimeInfo ARRTime="1755" DEPTime="1757" Order="3" Station="1020"></TimeInfo>
    <TimeInfo ARRTime="1808" DEPTime="1810" Order="4" Station="1030"></TimeInfo>
    <TimeInfo ARRTime="1835" DEPTime="1838" Order="5" Station="1040"></TimeInfo>
    <TimeInfo ARRTime="1900" DEPTime="1902" Order="6" Station="1050"></TimeInfo>
    <TimeInfo ARRTime="1918" DEPTime="1921" Order="7" Station="1060"></TimeInfo>
    <TimeInfo ARRTime="1936" DEPTime="1936" Order="8" Station="1070"></TimeInfo>
  </TrainInfo>
  <TrainInfo LineDir="1" Note="" Train="732">
    <TimeInfo ARRTime="1800" DEPTime="1800" Order="1" Station="1070"></TimeInfo>
    <TimeInfo ARRTime="1813" DEPTime="1815" Order="2" Station="1060"></TimeInfo>
    <TimeInfo ARRTime="1834" DEPTime="1836" Order="3" Station="1050"></TimeInfo>
    <TimeInfo ARRTime="1858" DEPTime="1901" Order="4" Station="1040"></TimeInfo>
    <TimeInfo ARRTime="1926" DEPTime="1928" Order="5" Station="1030"></TimeInfo>
    <TimeInfo ARRTime="1938" DEPTime="1940" Order="6" Station="1020"></TimeInfo>
    <TimeInfo ARRTime="1951" DEPTime="1953" Order="7" Station="1010"></TimeInfo>
    <TimeInfo ARRTime="2000" DEPTime="2000" Order="8" Station="1000"></TimeInfo>
  </TrainInfo>
  <TrainInfo LineDir="0" Note="" Train="733">
    <TimeInfo ARRTime="1800" DEPTime="1800" Order="1" Station="1000"></TimeInfo>
    <TimeInfo ARRTime="1806" DEPTime="1808" Order="2" Station="1010"></TimeInfo>
    <TimeInfo ARRTime="1819" DEPTime="1821" Order="3" Station="1020"></TimeInfo>
    <TimeInfo ARRTime="1831" DEPTime="1833" Order="4" Station="1030"></TimeInfo>
    <TimeInfo ARRTime="1858" DEPTime="1901" Order="5" Station="1040"></TimeInfo>
    <TimeInfo ARRTime="1924" DEPTime="1926" Order="6" Station="1050"></TimeInfo>
    <TimeInfo ARRTime="1943" DEPTime="1945" Order="7" Station="1060"></TimeInfo>
    <TimeInfo ARRTime="2000" DEPTime="2000" Order="8" Station="1070"></TimeInfo>
  </TrainInfo>
  <TrainInfo LineDir="1" Note="" Train="736">
    <TimeInfo ARRTime="1836" DEPTime="1836" Order="1" Station="1070"></TimeInfo>
    <TimeInfo ARRTime="1847" DEPTime="1849" Order="2" Station="1060"></TimeInfo>
    <TimeInfo ARRTime="1907" DEPTime="1909" Order="3" Station="1050"></TimeInfo>
    <TimeInfo ARRTime="1932" DEPTime="1935" Order="4" Station="1040"></TimeInfo>
    <TimeInfo ARRTime="2001" DEPTime="2003" Order="5" Station="1030"></TimeInfo>
    <TimeInfo ARRTime="2014" DEPTime="2016" Order="6" Station="1020"></TimeInfo>
    <TimeInfo ARRTime="2027" DEPTime="2029" Order="7" Station="1010"></TimeInfo>
    <TimeInfo ARRTime="2036" DEPTime="2036" Order="8" Station="1000"></TimeInfo>
  </TrainInfo>
  <TrainInfo LineDir="0" Note="" Train="737">
    <TimeInfo ARRTime="1836" DEPTime="1836" Order="1" Station="1000"></TimeInfo>
    <TimeInfo ARRTime="1842" DEPTime="1844" Order="2" Station="1010"></TimeInfo>
    <TimeInfo ARRTime="1855" DEPTime="1857" Order="3" Station="1020"></TimeInfo>
    <TimeInfo ARRTime="1908" DEPTime="1910" Order="4" Station="1030"></TimeInfo>
    <TimeInfo ARRTime="1935" DEPTime="1938" Order="5" Station="1040"></TimeInfo>
    <TimeInfo ARRTime="2000" DEPTime="2002" Order="6" Station="1050"></TimeInfo>
    <TimeInfo ARRTime="2018" DEPTime="2021" Order="7" Station="1060"></TimeInfo>
    <TimeInfo ARRTime="2036" DEPTime="2036" Order="8" Station="1070"></TimeInfo>
  </TrainInfo>
  <TrainInfo LineDir="1" Note="" Train="740">
    <TimeInfo ARRTime="1900" DEPTime="1900" Order="1" Station="1070"></TimeInfo>
    <TimeInfo ARRTime="1913" DEPTime="1915" Order="2" Station="1060"></TimeInfo>
    <TimeInfo ARRTime="1934" DEPTime="1936" Order="3" Station="1050"></TimeInfo>
    <TimeInfo ARRTime="1958" DEPTime="2001" Order="4" Station="1040"></TimeInfo>
    <TimeInfo ARRTime="2026" DEPTime="2028" Order="5" Station="1030"></TimeInfo>
    <TimeInfo ARRTime="2038" DEPTime="2040" Order="6" Station="1020"></TimeInfo>
    <TimeInfo ARRTime="2051" DEPTime="2053" Order="7" Station="1010"></TimeInfo>
    <TimeInfo ARRTime="2100" DEPTime="2100" Order="8" Station="1000"></TimeInfo>
  </TrainInfo>
  <TrainInfo LineDir="0" Note="" Train="741">
    <TimeInfo ARRTime="1900" DEPTime="1900" Order="1" Station="1000"></TimeInfo>
    <TimeInfo ARRTime="1906" DEPTime="1908" Order="2" Station="1010"></TimeInfo>
    <TimeInfo ARRTime="1919" DEPTime="1921" Order="3" Station="1020"></TimeInfo>
    <TimeInfo ARRTime="1931" DEPTime="1933" Order="4" Station="1030"></TimeInfo>
    <TimeInfo ARRTime="1958" DEPTime="2001" Order="5" Station="1040"></TimeInfo>
    <TimeInfo ARRTime="2024" DEPTime="2026" Order="6" Station="1050"></TimeInfo>
    <TimeInfo ARRTime="2043" DEPTime="2045" Order="7" Station="1060"></TimeInfo>
    <TimeInfo ARRTime="2100" DEPTime="2100" Order="8" Station="1070"></TimeInfo>
  </TrainInfo>
  <TrainInfo LineDir="1" Note="" Train="744">
    <TimeInfo ARRTime="1936" DEPTime="1936" Order="1" Station="1070"></TimeInfo>
    <TimeInfo ARRTime="1947" DEPTime="1949" Order="2" Station="1060"></TimeInfo>
    <TimeInfo ARRTime="2007" DEPTime="2009" Order="3" Station="1050"></TimeInfo>
    <TimeInfo ARRTime="2032" DEPTime="2035" Order="4" Station="1040"></TimeInfo>
    <TimeInfo ARRTime="2101" DEPTime="2103" Order="5" Station="1030"></TimeInfo>
    <TimeInfo ARRTime="2114" DEPTime="2116" Order="6" Station="1020"></TimeInfo>
    <TimeInfo ARRTime="2127" DEPTime="2129" Order="7" Station="1010"></TimeInfo>
    <TimeInfo ARRTime="2136" DEPTime="2136" Order="8" Station="1000"></TimeInfo>
  </TrainInfo>
  <TrainInfo LineDir="0" Note="" Train="745">
    <TimeInfo ARRTime="1936" DEPTime="1936" Order="1" Station="1000"></TimeInfo>
    <TimeInfo ARRTime="1942" DEPTime="1944" Order="2" Station="1010"></TimeInfo>
    <TimeInfo ARRTime="1955" DEPTime="1957" Order="3" Station="1020"></TimeInfo>
    <TimeInfo ARRTime="2008" DEPTime="2010" Order="4" Station="1030"></TimeInfo>
    <TimeInfo ARRTime="2035" DEPTime="2038" Order="5" Station="1040"></TimeInfo>
    <TimeInfo ARRTime="2100" DEPTime="2102" Order="6" Station="1050"></TimeInfo>
    <TimeInfo ARRTime="2119" DEPTime="2121" Order="7" Station="1060"></TimeInfo>
    <TimeInfo ARRTime="2136" DEPTime="2136" Order="8" Station="1070"></TimeInfo>
  </TrainInfo>
  <TrainInfo LineDir="1" Note="" Train="748">
    <TimeInfo ARRTime="2000" DEPTime="2000" Order="1" Station="1070"></TimeInfo>
    <TimeInfo ARRTime="2013" DEPTime="2015" Order="2" Station="1060"></TimeInfo>
    <TimeInfo ARRTime="2034" DEPTime="2036" Order="3" Station="1050"></TimeInfo>
    <TimeInfo ARRTime="2058" DEPTime="2101" Order="4" Station="1040"></TimeInfo>
    <TimeInfo ARRTime="2126" DEPTime="2128" Order="5" Station="1030"></TimeInfo>
    <TimeInfo ARRTime="2138" DEPTime="2140" Order="6" Station="1020"></TimeInfo>
    <TimeInfo ARRTime="2151" DEPTime="2153" Order="7" Station="1010"></TimeInfo>
    <TimeInfo ARRTime="2200" DEPTime="2200" Order="8" Station="1000"></TimeInfo>
  </TrainInfo>
  <TrainInfo LineDir="0" Note="" Train="749">
    <TimeInfo ARRTime="2000" DEPTime="2000" Order="1" Station="1000"></TimeInfo>
    <TimeInfo ARRTime="2006" DEPTime="2008" Order="2" Station="1010"></TimeInfo>
    <TimeInfo ARRTime="2019" DEPTime="2021" Order="3" Station="1020"></TimeInfo>
    <TimeInfo ARRTime="2031" DEPTime="2033" Order="4" Station="1030"></TimeInfo>
    <TimeInfo ARRTime="2058" DEPTime="2101" Order="5" Station="1040"></TimeInfo>
    <TimeInfo ARRTime="2124" DEPTime="2126" Order="6" Station="1050"></TimeInfo>
    <TimeInfo ARRTime="2143" DEPTime="2145" Order="7" Station="1060"></TimeInfo>
    <TimeInfo ARRTime="2200" DEPTime="2200" Order="8" Station="1070"></TimeInfo>
  </TrainInfo>
  <TrainInfo LineDir="1" Note="" Train="752">
    <TimeInfo ARRTime="2036" DEPTime="2036" Order="1" Station="1070"></TimeInfo>
    <TimeInfo ARRTime="2047" DEPTime="2049" Order="2" Station="1060"></TimeInfo>
    <TimeInfo ARRTime="2107" DEPTime="2109" Order="3" Station="1050"></TimeInfo>
    <TimeInfo ARRTime="2132" DEPTime="2135" Order="4" Station="1040"></TimeInfo>
    <TimeInfo ARRTime="2201" DEPTime="2203" Order="5" Station="1030"></TimeInfo>
    <TimeInfo ARRTime="2214" DEPTime="2216" Order="6" Station="1020"></TimeInfo>
    <TimeInfo ARRTime="2227" DEPTime="2229" Order="7" Station="1010"></TimeInfo>
    <TimeInfo ARRTime="2236" DEPTime="2236" Order="8" Station="1000"></TimeInfo>
  </TrainInfo>
  <TrainInfo LineDir="0" Note="" Train="753">
    <TimeInfo ARRTime="2036" DEPTime="2036" Order="1" Station="1000"></TimeInfo>
    <TimeInfo ARRTime="2042" DEPTime="2044" Order="2" Station="1010"></TimeInfo>
    <TimeInfo ARRTime="2055" DEPTime="2057" Order="3" Station="1020"></TimeInfo>
    <TimeInfo ARRTime="2108" DEPTime="2110" Order="4" Station="1030"></TimeInfo>
    <TimeInfo ARRTime="2135" DEPTime="2138" Order="5" Station="1040"></TimeInfo>
    <TimeInfo ARRTime="2200" DEPTime="2202" Order="6" Station="1050"></TimeInfo>
    <TimeInfo ARRTime="2218" DEPTime="2221" Order="7" Station="1060"></TimeInfo>
    <TimeInfo ARRTime="2236" DEPTime="2236" Order="8" Station="1070"></TimeInfo>
  </TrainInfo>
  <TrainInfo LineDir="1" Note="" Train="756">
    <TimeInfo ARRTime="2100" DEPTime="2100" Order="1" Station="1070"></TimeInfo>
    <TimeInfo ARRTime="2113" DEPTime="2115" Order="2" Station="1060"></TimeInfo>
    <TimeInfo ARRTime="2134" DEPTime="2136" Order="3" Station="1050"></TimeInfo>
    <TimeInfo ARRTime="2158" DEPTime="2201" Order="4" Station="1040"></TimeInfo>
    <TimeInfo ARRTime="2226" DEPTime="2228" Order="5" Station="1030"></TimeInfo>
    <TimeInfo ARRTime="2238" DEPTime="2240" Order="6" Station="1020"></TimeInfo>
    <TimeInfo ARRTime="2251" DEPTime="2253" Order="7" Station="1010"></TimeInfo>
    <TimeInfo ARRTime="2300" DEPTime="2300" Order="8" Station="1000"></TimeInfo>
  </TrainInfo>
  <TrainInfo LineDir="0" Note="" Train="757">
    <TimeInfo ARRTime="2100" DEPTime="2100" Order="1" Station="1000"></TimeInfo>
    <TimeInfo ARRTime="2106" DEPTime="2108" Order="2" Station="1010"></TimeInfo>
    <TimeInfo ARRTime="2119" DEPTime="2121" Order="3" Station="1020"></TimeInfo>
    <TimeInfo ARRTime="2131" DEPTime="2133" Order="4" Station="1030"></TimeInfo>
    <TimeInfo ARRTime="2158" DEPTime="2201" Order="5" Station="1040"></TimeInfo>
    <TimeInfo ARRTime="2224" DEPTime="2226" Order="6" Station="1050"></TimeInfo>
    <TimeInfo ARRTime="2243" DEPTime="2245" Order="7" Station="1060"></TimeInfo>
    <TimeInfo ARRTime="2300" DEPTime="2300" Order="8" Station="1070"></TimeInfo>
  </TrainInfo>
  <TrainInfo LineDir="1" Note="" Train="760">
    <TimeInfo ARRTime="2136" DEPTime="2136" Order="1" Station="1070"></TimeInfo>
    <TimeInfo ARRTime="2149" DEPTime="2151" Order="2" Station="1060"></TimeInfo>
    <TimeInfo ARRTime="2210" DEPTime="2212" Order="3" Station="1050"></TimeInfo>
    <TimeInfo ARRTime="2234" DEPTime="2237" Order="4" Station="1040"></TimeInfo>
    <TimeInfo ARRTime="2302" DEPTime="2304" Order="5" Station="1030"></TimeInfo>
    <TimeInfo ARRTime="2314" DEPTime="2316" Order="6" Station="1020"></TimeInfo>
    <TimeInfo ARRTime="2327" DEPTime="2329" Order="7" Station="1010"></TimeInfo>
    <TimeInfo ARRTime="2336" DEPTime="2336" Order="8" Station="1000"></TimeInfo>
  </TrainInfo>
  <TrainInfo LineDir="0" Note="" Train="761">
    <TimeInfo ARRTime="2136" DEPTime="2136" Order="1" Station="1000"></TimeInfo>
    <TimeInfo ARRTime="2142" DEPTime="2144" Order="2" Station="1010"></TimeInfo>
    <TimeInfo ARRTime="2155" DEPTime="2157" Order="3" Station="1020"></TimeInfo>
    <TimeInfo ARRTime="2208" DEPTime="2210" Order="4" Station="1030"></TimeInfo>
    <TimeInfo ARRTime="2235" DEPTime="2238" Order="5" Station="1040"></TimeInfo>
    <TimeInfo ARRTime="2300" DEPTime="2302" Order="6" Station="1050"></TimeInfo>
    <TimeInfo ARRTime="2319" DEPTime="2321" Order="7" Station="1060"></TimeInfo>
    <TimeInfo ARRTime="2336" DEPTime="2336" Order="8" Station="1070"></TimeInfo>
  </TrainInfo>
  <TrainInfo LineDir="1" Note="" Train="762">
    <TimeInfo ARRTime="2154" DEPTime="2154" Order="1" Station="1070"></TimeInfo>
    <TimeInfo ARRTime="2207" DEPTime="2209" Order="2" Station="1060"></TimeInfo>
    <TimeInfo ARRTime="2228" DEPTime="2230" Order="3" Station="1050"></TimeInfo>
    <TimeInfo ARRTime="2252" DEPTime="2255" Order="4" Station="1040"></TimeInfo>
    <TimeInfo ARRTime="2320" DEPTime="2322" Order="5" Station="1030"></TimeInfo>
    <TimeInfo ARRTime="2332" DEPTime="2334" Order="6" Station="1020"></TimeInfo>
    <TimeInfo ARRTime="2345" DEPTime="2347" Order="7" Station="1010"></TimeInfo>
    <TimeInfo ARRTime="2354" DEPTime="2354" Order="8" Station="1000"></TimeInfo>
  </TrainInfo>
  <TrainInfo LineDir="0" Note="" Train="763">
    <TimeInfo ARRTime="2154" DEPTime="2154" Order="1" Station="1000"></TimeInfo>
    <TimeInfo ARRTime="2200" DEPTime="2202" Order="2" Station="1010"></TimeInfo>
    <TimeInfo ARRTime="2213" DEPTime="2215" Order="3" Station="1020"></TimeInfo>
    <TimeInfo ARRTime="2225" DEPTime="2227" Order="4" Station="1030"></TimeInfo>
    <TimeInfo ARRTime="2252" DEPTime="2255" Order="5" Station="1040"></TimeInfo>
    <TimeInfo ARRTime="2318" DEPTime="2320" Order="6" Station="1050"></TimeInfo>
    <TimeInfo ARRTime="2337" DEPTime="2339" Order="7" Station="1060"></TimeInfo>
    <TimeInfo ARRTime="2354" DEPTime="2354" Order="8" Station="1070"></TimeInfo>
  </TrainInfo>
</TWHSRTrainList>
